{"nwrmsle": 0.7449203574870834, "r2_score": 0.1268020393048941}